restaurant name,feature
Humble Grape - Islington,Reservations
Humble Grape - Islington, Seating
Humble Grape - Islington, Waitstaff
Humble Grape - Islington, Serves Alcohol
Humble Grape - Islington, Full Bar
Humble Grape - Islington, Wine and Beer
Humble Grape - Islington, Free Wifi
Humble Grape - Islington, Accepts Credit Cards
The Oystermen Seafood Bar & Kitchen,Reservations
The Oystermen Seafood Bar & Kitchen, Seating
The Oystermen Seafood Bar & Kitchen, Waitstaff
The Oystermen Seafood Bar & Kitchen, Wheelchair Accessible
The Oystermen Seafood Bar & Kitchen, Serves Alcohol
The Oystermen Seafood Bar & Kitchen, Wine and Beer
The Oystermen Seafood Bar & Kitchen, Accepts American Express
The Oystermen Seafood Bar & Kitchen, Accepts Mastercard
The Oystermen Seafood Bar & Kitchen, Accepts Visa
The Oystermen Seafood Bar & Kitchen, Free Wifi
The Oystermen Seafood Bar & Kitchen, Accepts Discover
Humble Grape - Battersea,Reservations
Humble Grape - Battersea, Seating
Humble Grape - Battersea, Waitstaff
Humble Grape - Battersea, Serves Alcohol
Humble Grape - Battersea, Full Bar
Humble Grape - Battersea, Wine and Beer
Humble Grape - Battersea, Accepts American Express
Humble Grape - Battersea, Accepts Mastercard
Humble Grape - Battersea, Accepts Visa
Humble Grape - Battersea, Digital Payments
Humble Grape - Battersea, Free Wifi
Humble Grape - Battersea, Accepts Credit Cards
Amrutha Lounge,Delivery
Amrutha Lounge, Takeout
Amrutha Lounge, Reservations
Amrutha Lounge, Seating
Amrutha Lounge, Waitstaff
Amrutha Lounge, Highchairs Available
Amrutha Lounge, Wheelchair Accessible
Amrutha Lounge, Free Wifi
Amrutha Lounge, Digital Payments
Amrutha Lounge, Accepts Credit Cards
Oliveira Organic Vegetarian Kitchen,Seating
Oliveira Organic Vegetarian Kitchen, Waitstaff
Oliveira Organic Vegetarian Kitchen, Wheelchair Accessible
Oliveira Organic Vegetarian Kitchen, Serves Alcohol
Oliveira Organic Vegetarian Kitchen, Street Parking
Oliveira Organic Vegetarian Kitchen, Highchairs Available
Oliveira Organic Vegetarian Kitchen, Wine and Beer
Oliveira Organic Vegetarian Kitchen, Digital Payments
Oliveira Organic Vegetarian Kitchen, Free Wifi
Oliveira Organic Vegetarian Kitchen, Accepts Credit Cards
Pizza Union Dalston,Delivery
Pizza Union Dalston, Takeout
Pizza Union Dalston, Seating
Pizza Union Dalston, Wheelchair Accessible
Pizza Union Dalston, Serves Alcohol
Pizza Union Dalston, Digital Payments
Pizza Union Dalston, Free Wifi
Pizza Union Dalston, Accepts Credit Cards
Morso,Reservations
Morso, Seating
Morso, Waitstaff
Morso, Highchairs Available
Morso, Serves Alcohol
Morso, Free Wifi
Morso, Outdoor Seating
Morso, Street Parking
Morso, Wine and Beer
Morso, Digital Payments
Morso, Accepts Credit Cards
Core by Clare Smyth,Reservations
Core by Clare Smyth, Seating
Core by Clare Smyth, Waitstaff
Core by Clare Smyth, Wheelchair Accessible
Core by Clare Smyth, Serves Alcohol
Core by Clare Smyth, Full Bar
Core by Clare Smyth, Free Wifi
Buongiorno e Buonasera,Delivery
Buongiorno e Buonasera, Takeout
Buongiorno e Buonasera, Reservations
Buongiorno e Buonasera, Waitstaff
Buongiorno e Buonasera, Wheelchair Accessible
Buongiorno e Buonasera, Serves Alcohol
Buongiorno e Buonasera, Free Wifi
Buongiorno e Buonasera, Outdoor Seating
Buongiorno e Buonasera, Seating
Buongiorno e Buonasera, Wine and Beer
Buongiorno e Buonasera, Accepts Credit Cards
Purslane Restaurant,Serves Alcohol
Purslane Restaurant, Full Bar
Purslane Restaurant, Accepts American Express
Purslane Restaurant, Accepts Mastercard
Purslane Restaurant, Accepts Visa
Purslane Restaurant, Digital Payments
Purslane Restaurant, Free Wifi
Purslane Restaurant, Reservations
Purslane Restaurant, Seating
Purslane Restaurant, Waitstaff
Purslane Restaurant, Accepts Credit Cards
Nok's Kitchen,Takeout
Nok's Kitchen, Reservations
Nok's Kitchen, Seating
Nok's Kitchen, Waitstaff
Nok's Kitchen, Serves Alcohol
Nok's Kitchen, Full Bar
Fazenda Rodizio Bar and Grill,Reservations
Fazenda Rodizio Bar and Grill, Private Dining
Fazenda Rodizio Bar and Grill, Seating
Fazenda Rodizio Bar and Grill, Waitstaff
Fazenda Rodizio Bar and Grill, Highchairs Available
Fazenda Rodizio Bar and Grill, Wheelchair Accessible
Fazenda Rodizio Bar and Grill, Serves Alcohol
Fazenda Rodizio Bar and Grill, Full Bar
Fazenda Rodizio Bar and Grill, Free Wifi
Fazenda Rodizio Bar and Grill, Accepts Credit Cards
Edinburgh Food Studio,Reservations
Edinburgh Food Studio, Seating
Edinburgh Food Studio, Waitstaff
Edinburgh Food Studio, Wheelchair Accessible
Edinburgh Food Studio, Serves Alcohol
Chizuru Tei,Takeout
Chizuru Tei, Reservations
Chizuru Tei, Seating
Chizuru Tei, Waitstaff
Chizuru Tei, Wheelchair Accessible
Chizuru Tei, Free Wifi
The Table,Reservations
The Table, Seating
The Table, Accepts Credit Cards
Colonnades at The Signet Library,Seating
Colonnades at The Signet Library, Waitstaff
Colonnades at The Signet Library, Highchairs Available
Colonnades at The Signet Library, Wheelchair Accessible
Colonnades at The Signet Library, Serves Alcohol
Colonnades at The Signet Library, Full Bar
Colonnades at The Signet Library, Accepts Mastercard
Colonnades at The Signet Library, Accepts Visa
Colonnades at The Signet Library, Free Wifi
Colonnades at The Signet Library, Reservations
Colonnades at The Signet Library, Accepts Credit Cards
Pickles,Full Bar
Pickles, Free Wifi
Pickles, Outdoor Seating
Pickles, Seating
Pickles, Waitstaff
Pickles, Serves Alcohol
Pickles, Accepts Mastercard
Pickles, Accepts Visa
Pickles, Accepts Credit Cards
Forage & Chatter,Reservations
Forage & Chatter, Seating
Forage & Chatter, Waitstaff
Forage & Chatter, Street Parking
Forage & Chatter, Free Off-Street Parking
Forage & Chatter, Highchairs Available
Forage & Chatter, Serves Alcohol
Forage & Chatter, Full Bar
Forage & Chatter, Wine and Beer
Forage & Chatter, Accepts American Express
Forage & Chatter, Accepts Mastercard
Forage & Chatter, Accepts Visa
Aizle,Reservations
Aizle, Seating
Aizle, Waitstaff
Aizle, Wheelchair Accessible
Aizle, Serves Alcohol
Aizle, Full Bar
Sonder,Reservations
Sonder, Seating
Sonder, Waitstaff
Sonder, Serves Alcohol
Caribbean Croft,Takeout
Caribbean Croft, Reservations
Caribbean Croft, Outdoor Seating
Caribbean Croft, Seating
Caribbean Croft, Waitstaff
Caribbean Croft, Highchairs Available
Caribbean Croft, Wheelchair Accessible
Caribbean Croft, Serves Alcohol
Caribbean Croft, Full Bar
Caribbean Croft, Accepts Mastercard
Caribbean Croft, Accepts Visa
Caribbean Croft, Digital Payments
Caribbean Croft, Free Wifi
Fi Real,Delivery
Fi Real, Seating
Fi Real, Waitstaff
Fi Real, Wheelchair Accessible
Fi Real, Takeout
Fi Real, Reservations
Fi Real, Street Parking
Fi Real, Accepts American Express
Fi Real, Accepts Mastercard
Fi Real, Accepts Visa
Fi Real, Free Wifi
Fi Real, Highchairs Available
Fi Real, Accepts Credit Cards
Pipal Tree Restaurant,Takeout
Pipal Tree Restaurant, Reservations
Pipal Tree Restaurant, Seating
Pipal Tree Restaurant, Waitstaff
Pipal Tree Restaurant, Street Parking
Pipal Tree Restaurant, Free Off-Street Parking
Pipal Tree Restaurant, Highchairs Available
Pipal Tree Restaurant, Wheelchair Accessible
Pipal Tree Restaurant, Serves Alcohol
Pipal Tree Restaurant, Full Bar
Pipal Tree Restaurant, Wine and Beer
Pipal Tree Restaurant, Accepts American Express
Pipal Tree Restaurant, Accepts Mastercard
Pipal Tree Restaurant, Accepts Visa
Pipal Tree Restaurant, Digital Payments
Pipal Tree Restaurant, Free Wifi
Pipal Tree Restaurant, Accepts Discover
Pasta Loco,Reservations
Pasta Loco, Seating
Pasta Loco, Waitstaff
Pasta Loco, Highchairs Available
Pasta Loco, Wheelchair Accessible
Pasta Loco, Serves Alcohol
Pasta Loco, Full Bar
Pasta Loco, Free Wifi
Pasture,Reservations
Pasture, Seating
Pasture, Waitstaff
Pasture, Serves Alcohol
Pasture, Full Bar
Pasture, Free Wifi
Pasture, Accepts Credit Cards
The Crepe and Coffee Cabin,Takeout
The Crepe and Coffee Cabin, Outdoor Seating
The Crepe and Coffee Cabin, Seating
The Crepe and Coffee Cabin, Wheelchair Accessible
Koocha Mezze Bar,Reservations
Koocha Mezze Bar, Seating
Koocha Mezze Bar, Waitstaff
Koocha Mezze Bar, Serves Alcohol
Koocha Mezze Bar, Full Bar
Coronation Curry House,Takeout
Coronation Curry House, Reservations
Coronation Curry House, Seating
Coronation Curry House, Waitstaff
Coronation Curry House, Highchairs Available
Coronation Curry House, Wheelchair Accessible
Coronation Curry House, Serves Alcohol
Coronation Curry House, Full Bar
Coronation Curry House, Delivery
Matina,Takeout
Matina, Wheelchair Accessible
Everyday Thai,Takeout
Everyday Thai, Reservations
Everyday Thai, Seating
Everyday Thai, Waitstaff
Everyday Thai, Highchairs Available
Everyday Thai, Wheelchair Accessible
Charlie Brett's at The Allerton,Takeout
Charlie Brett's at The Allerton, Reservations
Charlie Brett's at The Allerton, Outdoor Seating
Charlie Brett's at The Allerton, Buffet
Charlie Brett's at The Allerton, Seating
Charlie Brett's at The Allerton, Waitstaff
Charlie Brett's at The Allerton, Validated Parking
Charlie Brett's at The Allerton, Highchairs Available
Charlie Brett's at The Allerton, Wheelchair Accessible
Charlie Brett's at The Allerton, Serves Alcohol
Charlie Brett's at The Allerton, Full Bar
Charlie Brett's at The Allerton, Wine and Beer
Charlie Brett's at The Allerton, Accepts Mastercard
Charlie Brett's at The Allerton, Accepts Visa
Charlie Brett's at The Allerton, Digital Payments
Charlie Brett's at The Allerton, Free Wifi
Charlie Brett's at The Allerton, Parking Available
Falafel Guys,Takeout
Falafel Guys, Wheelchair Accessible
Westbourne Spice,Takeout
Westbourne Spice, Reservations
Westbourne Spice, Seating
Westbourne Spice, Waitstaff
Westbourne Spice, Parking Available
Westbourne Spice, Highchairs Available
Westbourne Spice, Wheelchair Accessible
Westbourne Spice, Serves Alcohol
Westbourne Spice, Full Bar
Ira B's,Takeout
Ira B's, Outdoor Seating
Ira B's, Seating
Ira B's, Waitstaff
Ira B's, Parking Available
Ira B's, Street Parking
Ira B's, Free Off-Street Parking
Ira B's, Highchairs Available
Ira B's, Wheelchair Accessible
Ira B's, Accepts Mastercard
Ira B's, Accepts Visa
Ira B's, Free Wifi
Ira B's, Delivery
Ira B's, Reservations
Ira B's, Serves Alcohol
Ira B's, Wine and Beer
Ira B's, Accepts Credit Cards
La Cafetiere,Highchairs Available
La Cafetiere, Takeout
La Cafetiere, Reservations
La Cafetiere, Outdoor Seating
La Cafetiere, Seating
La Cafetiere, Waitstaff
La Cafetiere, Street Parking
La Cafetiere, Free Off-Street Parking
La Cafetiere, Wheelchair Accessible
La Cafetiere, Digital Payments
La Cafetiere, Accepts Credit Cards
La Cafetiere, Free Wifi
The Oxford Place,Accepts Credit Cards
Wood Fire Dine,Takeout
Wood Fire Dine, Reservations
Wood Fire Dine, Seating
Wood Fire Dine, Waitstaff
Wood Fire Dine, Serves Alcohol
Wood Fire Dine, Free Wifi
Wood Fire Dine, Highchairs Available
MyLahore Leeds,Delivery
MyLahore Leeds, Takeout
MyLahore Leeds, Reservations
MyLahore Leeds, Seating
MyLahore Leeds, Waitstaff
MyLahore Leeds, Parking Available
MyLahore Leeds, Street Parking
MyLahore Leeds, Validated Parking
MyLahore Leeds, Highchairs Available
MyLahore Leeds, Wheelchair Accessible
MyLahore Leeds, Free Wifi
MyLahore Leeds, Accepts Credit Cards
Estabulo Rodizio Bar & Grill - The Light,Reservations
Estabulo Rodizio Bar & Grill - The Light, Outdoor Seating
Estabulo Rodizio Bar & Grill - The Light, Seating
Estabulo Rodizio Bar & Grill - The Light, Waitstaff
Estabulo Rodizio Bar & Grill - The Light, Highchairs Available
Estabulo Rodizio Bar & Grill - The Light, Wheelchair Accessible
Estabulo Rodizio Bar & Grill - The Light, Serves Alcohol
Estabulo Rodizio Bar & Grill - The Light, Full Bar
Estabulo Rodizio Bar & Grill - The Light, Free Wifi
Salami & Co,Seating
Salami & Co, Takeout
Salami & Co, Highchairs Available
Salami & Co, Wheelchair Accessible
Salami & Co, Accepts American Express
Salami & Co, Accepts Mastercard
Salami & Co, Accepts Visa
Salami & Co, Digital Payments
Salami & Co, Free Wifi
Salami & Co, Accepts Credit Cards
Estabulo Rodizio Bar & Grill - St Peter's Place,Reservations
Estabulo Rodizio Bar & Grill - St Peter's Place, Buffet
Estabulo Rodizio Bar & Grill - St Peter's Place, Seating
Estabulo Rodizio Bar & Grill - St Peter's Place, Waitstaff
Estabulo Rodizio Bar & Grill - St Peter's Place, Highchairs Available
Estabulo Rodizio Bar & Grill - St Peter's Place, Serves Alcohol
Estabulo Rodizio Bar & Grill - St Peter's Place, Full Bar
Estabulo Rodizio Bar & Grill - St Peter's Place, Accepts American Express
Estabulo Rodizio Bar & Grill - St Peter's Place, Accepts Mastercard
Estabulo Rodizio Bar & Grill - St Peter's Place, Accepts Visa
Estabulo Rodizio Bar & Grill - St Peter's Place, Free Wifi
Estabulo Rodizio Bar & Grill - St Peter's Place, Accepts Credit Cards
Home Restaurant,Reservations
Home Restaurant, Seating
Home Restaurant, Waitstaff
Home Restaurant, Serves Alcohol
Home Restaurant, Full Bar
Home Restaurant, Free Wifi
Home Restaurant, Accepts Credit Cards
Poco Sicilian Street Food,Takeout
Poco Sicilian Street Food, Seating
Poco Sicilian Street Food, Free Off-Street Parking
Poco Sicilian Street Food, Wheelchair Accessible
Poco Sicilian Street Food, Accepts Credit Cards
Poco Sicilian Street Food, Free Wifi
Northern Soul Grilled Cheese,Delivery
Northern Soul Grilled Cheese, Takeout
Northern Soul Grilled Cheese, Seating
Northern Soul Grilled Cheese, Wheelchair Accessible
Ziya Asian Grill,Delivery
Ziya Asian Grill, Takeout
Ziya Asian Grill, Outdoor Seating
Ziya Asian Grill, Seating
Ziya Asian Grill, Waitstaff
Ziya Asian Grill, Parking Available
Ziya Asian Grill, Validated Parking
Ziya Asian Grill, Serves Alcohol
Ziya Asian Grill, Full Bar
Ziya Asian Grill, Accepts American Express
Ziya Asian Grill, Accepts Mastercard
Ziya Asian Grill, Accepts Visa
Ziya Asian Grill, Free Wifi
Ziya Asian Grill, Reservations
Ziya Asian Grill, Street Parking
Ziya Asian Grill, Free Off-Street Parking
Ziya Asian Grill, Highchairs Available
Ziya Asian Grill, Wheelchair Accessible
Ziya Asian Grill, Accepts Credit Cards
Federal Cafe & Bar,Takeout
Federal Cafe & Bar, Outdoor Seating
Federal Cafe & Bar, Seating
Federal Cafe & Bar, Waitstaff
Federal Cafe & Bar, Highchairs Available
Federal Cafe & Bar, Serves Alcohol
Federal Cafe & Bar, Full Bar
Federal Cafe & Bar, Accepts Mastercard
Federal Cafe & Bar, Accepts Visa
Federal Cafe & Bar, Free Wifi
Federal Cafe & Bar, Accepts Credit Cards
