restaurant name,meal
Humble Grape - Islington,Lunch
Humble Grape - Islington, Dinner
Humble Grape - Islington, Brunch
Humble Grape - Islington, Drinks
The Oystermen Seafood Bar & Kitchen,Lunch
The Oystermen Seafood Bar & Kitchen, Dinner
The Oystermen Seafood Bar & Kitchen, Brunch
Humble Grape - Battersea,Lunch
Humble Grape - Battersea, Dinner
Humble Grape - Battersea, Brunch
Humble Grape - Battersea, Drinks
Amrutha Lounge,Lunch
Amrutha Lounge, Dinner
Amrutha Lounge, Brunch
Oliveira Organic Vegetarian Kitchen,Breakfast
Oliveira Organic Vegetarian Kitchen, Lunch
Oliveira Organic Vegetarian Kitchen, Dinner
Oliveira Organic Vegetarian Kitchen, Brunch
Oliveira Organic Vegetarian Kitchen, Drinks
Pizza Union Dalston,Lunch
Pizza Union Dalston, Dinner
Pizza Union Dalston, Brunch
Pizza Union Dalston, Drinks
Morso,Lunch
Morso, Dinner
Morso, Brunch
Morso, Drinks
Core by Clare Smyth,Lunch
Core by Clare Smyth, Dinner
Buongiorno e Buonasera,Breakfast
Buongiorno e Buonasera, Lunch
Buongiorno e Buonasera, Dinner
Buongiorno e Buonasera, Brunch
Purslane Restaurant,Lunch
Purslane Restaurant, Dinner
Purslane Restaurant, Late Night
Nok's Kitchen,Lunch
Nok's Kitchen, Dinner
Fazenda Rodizio Bar and Grill,Lunch
Fazenda Rodizio Bar and Grill, Dinner
Fazenda Rodizio Bar and Grill, Brunch
Edinburgh Food Studio,Dinner
Edinburgh Food Studio, Lunch
Edinburgh Food Studio, Drinks
Chizuru Tei,Lunch
Chizuru Tei, Dinner
Chizuru Tei, Brunch
Chizuru Tei, Drinks
The Table,Dinner
Colonnades at The Signet Library,Lunch
Pickles,Dinner
Pickles, Late Night
Pickles, Drinks
Forage & Chatter,Lunch
Forage & Chatter, Dinner
Forage & Chatter, Drinks
Aizle,Dinner
Aizle, Late Night
Sonder,Lunch
Sonder, Dinner
Caribbean Croft,Lunch
Caribbean Croft, Dinner
Caribbean Croft, Brunch
Caribbean Croft, Drinks
Fi Real,Dinner
Fi Real, Lunch
Fi Real, Brunch
Pipal Tree Restaurant,Breakfast
Pipal Tree Restaurant, Lunch
Pipal Tree Restaurant, Dinner
Pipal Tree Restaurant, Brunch
Pipal Tree Restaurant, Drinks
Pasta Loco,Lunch
Pasta Loco, Dinner
Pasture,Lunch
Pasture, Dinner
Pasture, Late Night
Pasture, Drinks
The Crepe and Coffee Cabin,Breakfast
The Crepe and Coffee Cabin, Lunch
The Crepe and Coffee Cabin, Brunch
Koocha Mezze Bar,Lunch
Koocha Mezze Bar, Dinner
Coronation Curry House,Lunch
Coronation Curry House, Dinner
Coronation Curry House, Late Night
Matina,Lunch
Matina, Brunch
Everyday Thai,Lunch
Everyday Thai, Dinner
Everyday Thai, Brunch
Charlie Brett's at The Allerton,Breakfast
Charlie Brett's at The Allerton, Brunch
Charlie Brett's at The Allerton, Lunch
Charlie Brett's at The Allerton, Dinner
Charlie Brett's at The Allerton, Late Night
Charlie Brett's at The Allerton, Drinks
Falafel Guys,Lunch
Falafel Guys, Dinner
Falafel Guys, Brunch
Westbourne Spice,Dinner
Westbourne Spice, Late Night
Ira B's,Breakfast
Ira B's, Lunch
Ira B's, Dinner
Ira B's, Brunch
La Cafetiere,Breakfast
La Cafetiere, Lunch
La Cafetiere, Dinner
La Cafetiere, Brunch
The Oxford Place,Lunch
The Oxford Place, Dinner
The Oxford Place, Brunch
The Oxford Place, Drinks
Wood Fire Dine,Lunch
Wood Fire Dine, Dinner
Wood Fire Dine, Brunch
MyLahore Leeds,Breakfast
MyLahore Leeds, Lunch
MyLahore Leeds, Dinner
MyLahore Leeds, Brunch
Estabulo Rodizio Bar & Grill - The Light,Lunch
Estabulo Rodizio Bar & Grill - The Light, Dinner
Estabulo Rodizio Bar & Grill - The Light, Brunch
Estabulo Rodizio Bar & Grill - The Light, Drinks
Salami & Co,Dinner
Salami & Co, Breakfast
Salami & Co, Lunch
Salami & Co, Brunch
Salami & Co, Drinks
Estabulo Rodizio Bar & Grill - St Peter's Place,Lunch
Estabulo Rodizio Bar & Grill - St Peter's Place, Dinner
Estabulo Rodizio Bar & Grill - St Peter's Place, Brunch
Home Restaurant,Lunch
Home Restaurant, Dinner
Poco Sicilian Street Food,Breakfast
Poco Sicilian Street Food, Lunch
Poco Sicilian Street Food, Dinner
Poco Sicilian Street Food, Brunch
Poco Sicilian Street Food, Late Night
Northern Soul Grilled Cheese,Breakfast
Northern Soul Grilled Cheese, Lunch
Northern Soul Grilled Cheese, Dinner
Northern Soul Grilled Cheese, Brunch
Ziya Asian Grill,Lunch
Ziya Asian Grill, Dinner
Ziya Asian Grill, Late Night
Federal Cafe & Bar,Lunch
Federal Cafe & Bar, Brunch
Federal Cafe & Bar, Breakfast
